timestamp,userId,pauseTime,scrollSpeed,reReadCount,attentionScore,fatigueScore,label
1775207439026,guest-b17040ba-53a0-42d0-a55c-873e4a5e289d,5.716,0,0,0.5,0.3,0
1775207443915,guest-b17040ba-53a0-42d0-a55c-873e4a5e289d,10.724,0,0,0.5,0.7,0
1775207453907,guest-b17040ba-53a0-42d0-a55c-873e4a5e289d,20.721,0,0,0.5,0.7,0
1775207463910,guest-b17040ba-53a0-42d0-a55c-873e4a5e289d,30.726,0,0,0.5,0.7,0
1775207519891,guest-b17040ba-53a0-42d0-a55c-873e4a5e289d,60,0,0,0.5,0.7,0
1775207557348,guest-b17040ba-53a0-42d0-a55c-873e4a5e289d,60,0,0,0.5,0.7,0
1775207563892,guest-b17040ba-53a0-42d0-a55c-873e4a5e289d,60,0,0,0.5,0.7,0
1775207568900,guest-b17040ba-53a0-42d0-a55c-873e4a5e289d,60,0,0,0.5,0.7,0
1775207578900,guest-b17040ba-53a0-42d0-a55c-873e4a5e289d,60,0,0,0.5,0.7,0
1775207588891,guest-b17040ba-53a0-42d0-a55c-873e4a5e289d,60,0,0,0.5,0.7,0
1775207593887,guest-b17040ba-53a0-42d0-a55c-873e4a5e289d,60,0,0,0.5,0.7,0
1775207598899,guest-b17040ba-53a0-42d0-a55c-873e4a5e289d,60,0,0,0.5,0.7,0
1775207608896,guest-b17040ba-53a0-42d0-a55c-873e4a5e289d,60,0,0,0.5,0.7,0
1775207639904,guest-b17040ba-53a0-42d0-a55c-873e4a5e289d,60,0,0,0.5,0.7,0
1775207699900,guest-b17040ba-53a0-42d0-a55c-873e4a5e289d,60,0,0,0.5,0.7,0
1775207759890,guest-b17040ba-53a0-42d0-a55c-873e4a5e289d,60,0,0,0.5,0.7,0
1775207819907,guest-b17040ba-53a0-42d0-a55c-873e4a5e289d,60,0,0,0.5,0.7,0
1775207879907,guest-b17040ba-53a0-42d0-a55c-873e4a5e289d,60,0,0,0.5,0.7,0
1775207939900,guest-b17040ba-53a0-42d0-a55c-873e4a5e289d,60,0,0,0.5,0.7,0
1775207999909,guest-b17040ba-53a0-42d0-a55c-873e4a5e289d,60,0,0,0.5,0.7,0
1775208060006,guest-b17040ba-53a0-42d0-a55c-873e4a5e289d,60,0,0,0.5,0.7,0
1775208119926,guest-b17040ba-53a0-42d0-a55c-873e4a5e289d,60,0,0,0.5,0.7,0
1775208180177,guest-b17040ba-53a0-42d0-a55c-873e4a5e289d,60,0,0,0.5,0.7,1
1775208239182,testUser,10,500,2,0.4,0.7,0
1775208240130,guest-b17040ba-53a0-42d0-a55c-873e4a5e289d,60,0,0,0.5,0.7,1
1775208255637,testUser,60,0,10,0,1,1
1775208256033,testUser,60,0,10,0,1,1
1775208256629,testUser,60,0,10,0,1,1
1775208300091,guest-b17040ba-53a0-42d0-a55c-873e4a5e289d,60,0,0,0.5,0.7,1
1775208360065,guest-b17040ba-53a0-42d0-a55c-873e4a5e289d,60,0,0,0.5,0.7,1
1775208420002,guest-b17040ba-53a0-42d0-a55c-873e4a5e289d,60,0,0,0.5,0.7,1
1775208480035,guest-b17040ba-53a0-42d0-a55c-873e4a5e289d,60,0,0,0.5,0.7,1
1775208539992,guest-b17040ba-53a0-42d0-a55c-873e4a5e289d,60,0,0,0.5,0.7,1
1775208545365,guest-b17040ba-53a0-42d0-a55c-873e4a5e289d,0.001,0,0,0.5,0.3,0
1775208550975,guest-b17040ba-53a0-42d0-a55c-873e4a5e289d,5.583,0,0,0.5,0.3,0
1775208560966,guest-b17040ba-53a0-42d0-a55c-873e4a5e289d,15.58,0,0,0.5,0.7,0
1775208566020,guest-b17040ba-53a0-42d0-a55c-873e4a5e289d,20.582,0,0,0.5,0.7,0
1775208570974,guest-b17040ba-53a0-42d0-a55c-873e4a5e289d,25.592,0,0,0.5,0.7,0
1775208599990,guest-b17040ba-53a0-42d0-a55c-873e4a5e289d,54.591,0,0,0.5,0.7,1
1775208623913,smokeUser,10,500,2,0.4,0.7,0
1775208660003,guest-b17040ba-53a0-42d0-a55c-873e4a5e289d,60,0,0,0.5,0.7,1
1775208719995,guest-b17040ba-53a0-42d0-a55c-873e4a5e289d,60,0,0,0.5,0.7,1
1775208779986,guest-b17040ba-53a0-42d0-a55c-873e4a5e289d,60,0,0,0.5,0.7,1
1775208840098,guest-b17040ba-53a0-42d0-a55c-873e4a5e289d,60,0,0,0.5,0.7,1
1775208899978,guest-b17040ba-53a0-42d0-a55c-873e4a5e289d,60,0,0,0.5,0.7,1
1775208959969,guest-b17040ba-53a0-42d0-a55c-873e4a5e289d,60,0,0,0.5,0.7,1
1775209019995,guest-b17040ba-53a0-42d0-a55c-873e4a5e289d,60,0,0,0.5,0.7,1
1775209080006,guest-b17040ba-53a0-42d0-a55c-873e4a5e289d,60,0,0,0.5,0.7,1
1775209134641,weightSmoke,10,500,2,0.4,0.7,0
1775209140053,guest-b17040ba-53a0-42d0-a55c-873e4a5e289d,60,0,0,0.5,0.7,1
1775209200060,guest-b17040ba-53a0-42d0-a55c-873e4a5e289d,60,0,0,0.5,0.7,1
1775209259993,guest-b17040ba-53a0-42d0-a55c-873e4a5e289d,60,0,0,0.5,0.7,1
1775209320079,guest-b17040ba-53a0-42d0-a55c-873e4a5e289d,60,0,0,0.5,0.7,1
1775209379971,guest-b17040ba-53a0-42d0-a55c-873e4a5e289d,60,0,0,0.5,0.7,1
1775209439997,guest-b17040ba-53a0-42d0-a55c-873e4a5e289d,60,0,0,0.5,0.7,1
1775209500009,guest-b17040ba-53a0-42d0-a55c-873e4a5e289d,60,0,0,0.5,0.7,1
1775209560041,guest-b17040ba-53a0-42d0-a55c-873e4a5e289d,60,0,0,0.5,0.7,1
1775209620014,guest-b17040ba-53a0-42d0-a55c-873e4a5e289d,60,0,0,0.5,0.7,1
1775209680023,guest-b17040ba-53a0-42d0-a55c-873e4a5e289d,60,0,0,0.5,0.7,1
1775209740104,guest-b17040ba-53a0-42d0-a55c-873e4a5e289d,60,0,0,0.5,0.7,1
1775209800014,guest-b17040ba-53a0-42d0-a55c-873e4a5e289d,60,0,0,0.5,0.7,1
1775209860045,guest-b17040ba-53a0-42d0-a55c-873e4a5e289d,60,0,0,0.5,0.7,1
1775209920007,guest-b17040ba-53a0-42d0-a55c-873e4a5e289d,60,0,0,0.5,0.7,1
1775209980044,guest-b17040ba-53a0-42d0-a55c-873e4a5e289d,60,0,0,0.5,0.7,1
1775210040028,guest-b17040ba-53a0-42d0-a55c-873e4a5e289d,60,0,0,0.5,0.7,1
1775210100068,guest-b17040ba-53a0-42d0-a55c-873e4a5e289d,60,0,0,0.5,0.7,1
1775210159996,guest-b17040ba-53a0-42d0-a55c-873e4a5e289d,60,0,0,0.5,0.7,1
1775210220045,guest-b17040ba-53a0-42d0-a55c-873e4a5e289d,60,0,0,0.5,0.7,1
1775210280014,guest-b17040ba-53a0-42d0-a55c-873e4a5e289d,60,0,0,0.5,0.7,1
1775210339998,guest-b17040ba-53a0-42d0-a55c-873e4a5e289d,60,0,0,0.5,0.7,1
1775210399987,guest-b17040ba-53a0-42d0-a55c-873e4a5e289d,60,0,0,0.5,0.7,1
1775210460027,guest-b17040ba-53a0-42d0-a55c-873e4a5e289d,60,0,0,0.5,0.7,1
1775210520030,guest-b17040ba-53a0-42d0-a55c-873e4a5e289d,60,0,0,0.5,0.7,1
1775210580009,guest-b17040ba-53a0-42d0-a55c-873e4a5e289d,60,0,0,0.5,0.7,1
1775210640029,guest-b17040ba-53a0-42d0-a55c-873e4a5e289d,60,0,0,0.5,0.7,1
1775210700039,guest-b17040ba-53a0-42d0-a55c-873e4a5e289d,60,0,0,0.5,0.7,1
1775210760056,guest-b17040ba-53a0-42d0-a55c-873e4a5e289d,60,0,0,0.5,0.7,1
1775213360912,guest-b17040ba-53a0-42d0-a55c-873e4a5e289d,60,0,0,0.5,0.7,1
1775216341972,guest-b17040ba-53a0-42d0-a55c-873e4a5e289d,5.877,0,0,0.5,0.3,0
1775216346961,guest-b17040ba-53a0-42d0-a55c-873e4a5e289d,10.882,0,0,0.5,0.7,0
1775216351978,guest-b17040ba-53a0-42d0-a55c-873e4a5e289d,15.887,0,0,0.5,0.7,0
1775216361992,guest-b17040ba-53a0-42d0-a55c-873e4a5e289d,25.884,0,0,0.5,0.7,0
1775216366967,guest-b17040ba-53a0-42d0-a55c-873e4a5e289d,30.886,0,0,0.5,0.7,0
1775216376994,guest-b17040ba-53a0-42d0-a55c-873e4a5e289d,40.889,0,0,0.5,0.7,1
1775216386977,guest-b17040ba-53a0-42d0-a55c-873e4a5e289d,50.883,0,0,0.5,0.7,1
1775216400001,guest-b17040ba-53a0-42d0-a55c-873e4a5e289d,60,0,0,0.5,0.7,1
1775216460010,guest-b17040ba-53a0-42d0-a55c-873e4a5e289d,60,0,0,0.5,0.7,1
1775216519999,guest-b17040ba-53a0-42d0-a55c-873e4a5e289d,60,0,0,0.5,0.7,1
1775216579939,guest-b17040ba-53a0-42d0-a55c-873e4a5e289d,60,0,0,0.5,0.7,1
1775216639963,guest-b17040ba-53a0-42d0-a55c-873e4a5e289d,60,0,0,0.5,0.7,1
1775216700004,guest-b17040ba-53a0-42d0-a55c-873e4a5e289d,60,0,0,0.5,0.7,1
1775216759985,guest-b17040ba-53a0-42d0-a55c-873e4a5e289d,60,0,0,0.5,0.7,1
1775216820003,guest-b17040ba-53a0-42d0-a55c-873e4a5e289d,60,0,0,0.5,0.7,1
1775216880030,guest-b17040ba-53a0-42d0-a55c-873e4a5e289d,60,0,0,0.5,0.7,1
1775216939973,guest-b17040ba-53a0-42d0-a55c-873e4a5e289d,60,0,0,0.5,0.7,1
1775216999984,guest-b17040ba-53a0-42d0-a55c-873e4a5e289d,60,0,0,0.5,0.7,1
1775217059995,guest-b17040ba-53a0-42d0-a55c-873e4a5e289d,60,0,0,0.5,0.7,1
1775217120014,guest-b17040ba-53a0-42d0-a55c-873e4a5e289d,60,0,0,0.5,0.7,1
1775217179967,guest-b17040ba-53a0-42d0-a55c-873e4a5e289d,60,0,0,0.5,0.7,1
1775217239973,guest-b17040ba-53a0-42d0-a55c-873e4a5e289d,60,0,0,0.5,0.7,1
1775217299988,guest-b17040ba-53a0-42d0-a55c-873e4a5e289d,60,0,0,0.5,0.7,1
1775217360008,guest-b17040ba-53a0-42d0-a55c-873e4a5e289d,60,0,0,0.5,0.7,1
1775217420172,guest-b17040ba-53a0-42d0-a55c-873e4a5e289d,60,0,0,0.5,0.7,1
1775217479924,guest-b17040ba-53a0-42d0-a55c-873e4a5e289d,60,0,0,0.5,0.7,1
1775217539973,guest-b17040ba-53a0-42d0-a55c-873e4a5e289d,60,0,0,0.5,0.7,1
1775217600153,guest-b17040ba-53a0-42d0-a55c-873e4a5e289d,60,0,0,0.5,0.7,1
1775217659939,guest-b17040ba-53a0-42d0-a55c-873e4a5e289d,60,0,0,0.5,0.7,1
1775217685169,guest-test,60,0,0,0.5,0.7,1
1775217694189,guest-b17040ba-53a0-42d0-a55c-873e4a5e289d,60,0,0,0.5,0.7,1
1775217794988,guest-1b8b33fa-6fb2-4de0-bfa1-050ea413dbd4,5.684,0,0,0.545,0.3,0
1775217800004,guest-1b8b33fa-6fb2-4de0-bfa1-050ea413dbd4,10.735,0,0,0.582,0.7,0
1775217807494,guest-1b8b33fa-6fb2-4de0-bfa1-050ea413dbd4,0.001,0,0,0.501,0.3,0
1775217816980,guest-1b8b33fa-6fb2-4de0-bfa1-050ea413dbd4,5.604,0,0,0.159,0.6,0
1775217826948,guest-1b8b33fa-6fb2-4de0-bfa1-050ea413dbd4,15.59,0,0,0.159,1,0
1775217831053,guest-check,10,200,2,0.6,0.3,0
1775217831955,guest-1b8b33fa-6fb2-4de0-bfa1-050ea413dbd4,20.599,0,0,0.159,1,1
1775217836925,guest-1b8b33fa-6fb2-4de0-bfa1-050ea413dbd4,25.602,0,0,0.159,1,1
1775217846950,guest-1b8b33fa-6fb2-4de0-bfa1-050ea413dbd4,35.593,0,0,0.159,1,1
1775217851946,guest-1b8b33fa-6fb2-4de0-bfa1-050ea413dbd4,40.594,0,0,0.159,1,1
1775217856953,guest-1b8b33fa-6fb2-4de0-bfa1-050ea413dbd4,45.602,0,0,0.159,1,1
1775217866945,guest-1b8b33fa-6fb2-4de0-bfa1-050ea413dbd4,55.597,0,0,0.159,1,1
1775217899989,guest-1b8b33fa-6fb2-4de0-bfa1-050ea413dbd4,60,0,0,0.159,1,1
1775217960006,guest-1b8b33fa-6fb2-4de0-bfa1-050ea413dbd4,60,0,0,0.159,1,1
1775218019985,guest-1b8b33fa-6fb2-4de0-bfa1-050ea413dbd4,60,0,0,0.159,1,1
1775218053521,guest-1b8b33fa-6fb2-4de0-bfa1-050ea413dbd4,60,0,0,0.159,1,1
1775218061469,guest-1b8b33fa-6fb2-4de0-bfa1-050ea413dbd4,3.064,16.001,0,0.159,0.6,1
1775218061611,guest-1b8b33fa-6fb2-4de0-bfa1-050ea413dbd4,0,16.001,0,0.159,0.6,0
1775218066958,guest-1b8b33fa-6fb2-4de0-bfa1-050ea413dbd4,5.553,16.001,0,0.159,0.6,0
1775218076947,guest-1b8b33fa-6fb2-4de0-bfa1-050ea413dbd4,15.549,16.001,0,0.159,1,0
1775218081915,guest-1b8b33fa-6fb2-4de0-bfa1-050ea413dbd4,20.553,16.001,0,0.159,1,1
1775218091954,guest-1b8b33fa-6fb2-4de0-bfa1-050ea413dbd4,30.551,16.001,0,0.159,1,1
1775218101997,guest-1b8b33fa-6fb2-4de0-bfa1-050ea413dbd4,40.545,16.001,0,0.159,1,1
1775218106952,guest-1b8b33fa-6fb2-4de0-bfa1-050ea413dbd4,45.557,16.001,0,0.159,1,1
1775218116943,guest-1b8b33fa-6fb2-4de0-bfa1-050ea413dbd4,55.546,16.001,0,0.159,1,1
1775218121932,guest-1b8b33fa-6fb2-4de0-bfa1-050ea413dbd4,60,16.001,0,0.159,1,1
1775218126958,guest-1b8b33fa-6fb2-4de0-bfa1-050ea413dbd4,60,16.001,0,0.159,1,1
1775218136974,guest-1b8b33fa-6fb2-4de0-bfa1-050ea413dbd4,60,16.001,0,0.159,1,1
1775218141965,guest-1b8b33fa-6fb2-4de0-bfa1-050ea413dbd4,60,16.001,0,0.159,1,1
1775218146980,guest-1b8b33fa-6fb2-4de0-bfa1-050ea413dbd4,60,16.001,0,0.159,1,1
1775218199999,guest-1b8b33fa-6fb2-4de0-bfa1-050ea413dbd4,60,16.001,0,0.159,1,1
1775218259974,guest-1b8b33fa-6fb2-4de0-bfa1-050ea413dbd4,60,16.001,0,0.159,1,1
1775218300085,guest-check2,10,200,2,0.6,0.3,0
1775218319968,guest-1b8b33fa-6fb2-4de0-bfa1-050ea413dbd4,60,16.001,0,0.159,1,1
1775218379960,guest-1b8b33fa-6fb2-4de0-bfa1-050ea413dbd4,60,16.001,0,0.159,1,1
1775218439971,guest-1b8b33fa-6fb2-4de0-bfa1-050ea413dbd4,60,16.001,0,0.159,1,1
1775218499960,guest-1b8b33fa-6fb2-4de0-bfa1-050ea413dbd4,60,16.001,0,0.159,1,1
1775218559955,guest-1b8b33fa-6fb2-4de0-bfa1-050ea413dbd4,60,16.001,0,0.159,1,1
1775218620034,guest-1b8b33fa-6fb2-4de0-bfa1-050ea413dbd4,60,16.001,0,0.159,1,1
1775218679969,guest-1b8b33fa-6fb2-4de0-bfa1-050ea413dbd4,60,16.001,0,0.159,1,1
1775218739967,guest-1b8b33fa-6fb2-4de0-bfa1-050ea413dbd4,60,16.001,0,0.159,1,1
1775218799967,guest-1b8b33fa-6fb2-4de0-bfa1-050ea413dbd4,60,16.001,0,0.159,1,1
1775218859915,guest-1b8b33fa-6fb2-4de0-bfa1-050ea413dbd4,60,16.001,0,0.159,1,1
1775218919948,guest-1b8b33fa-6fb2-4de0-bfa1-050ea413dbd4,60,16.001,0,0.159,1,1
1775218979971,guest-1b8b33fa-6fb2-4de0-bfa1-050ea413dbd4,60,16.001,0,0.159,1,1
1775219039961,guest-1b8b33fa-6fb2-4de0-bfa1-050ea413dbd4,60,16.001,0,0.159,1,1
1775219099973,guest-1b8b33fa-6fb2-4de0-bfa1-050ea413dbd4,60,16.001,0,0.159,1,1
1775219159980,guest-1b8b33fa-6fb2-4de0-bfa1-050ea413dbd4,60,16.001,0,0.159,1,1
1775219220023,guest-1b8b33fa-6fb2-4de0-bfa1-050ea413dbd4,60,16.001,0,0.159,1,1
1775224380005,guest-1b8b33fa-6fb2-4de0-bfa1-050ea413dbd4,60,0,0,0.5,0.7,1
1775224440005,guest-1b8b33fa-6fb2-4de0-bfa1-050ea413dbd4,60,0,0,0.5,0.7,1
1775224500014,guest-1b8b33fa-6fb2-4de0-bfa1-050ea413dbd4,60,0,0,0.5,0.7,1
1775224560033,guest-1b8b33fa-6fb2-4de0-bfa1-050ea413dbd4,60,0,0,0.5,0.7,1
1775224620049,guest-1b8b33fa-6fb2-4de0-bfa1-050ea413dbd4,60,0,0,0.5,0.7,1
1775224680033,guest-1b8b33fa-6fb2-4de0-bfa1-050ea413dbd4,60,0,0,0.5,0.7,1
1775224740032,guest-1b8b33fa-6fb2-4de0-bfa1-050ea413dbd4,60,0,0,0.5,0.7,1
1775224800008,guest-1b8b33fa-6fb2-4de0-bfa1-050ea413dbd4,60,0,0,0.5,0.7,1
1775224860027,guest-1b8b33fa-6fb2-4de0-bfa1-050ea413dbd4,60,0,0,0.5,0.7,1
1775224920046,guest-1b8b33fa-6fb2-4de0-bfa1-050ea413dbd4,60,0,0,0.5,0.7,1
1775224980049,guest-1b8b33fa-6fb2-4de0-bfa1-050ea413dbd4,60,0,0,0.5,0.7,1
1775225040026,guest-1b8b33fa-6fb2-4de0-bfa1-050ea413dbd4,60,0,0,0.5,0.7,1
1775225100039,guest-1b8b33fa-6fb2-4de0-bfa1-050ea413dbd4,60,0,0,0.5,0.7,1
1775225160027,guest-1b8b33fa-6fb2-4de0-bfa1-050ea413dbd4,60,0,0,0.5,0.7,1
1775225220046,guest-1b8b33fa-6fb2-4de0-bfa1-050ea413dbd4,60,0,0,0.5,0.7,1
1775225280052,guest-1b8b33fa-6fb2-4de0-bfa1-050ea413dbd4,60,0,0,0.5,0.7,1
1775225340024,guest-1b8b33fa-6fb2-4de0-bfa1-050ea413dbd4,60,0,0,0.5,0.7,1
1775225400065,guest-1b8b33fa-6fb2-4de0-bfa1-050ea413dbd4,60,0,0,0.5,0.7,1
1775225460049,guest-1b8b33fa-6fb2-4de0-bfa1-050ea413dbd4,60,0,0,0.5,0.7,1
1775225519976,guest-1b8b33fa-6fb2-4de0-bfa1-050ea413dbd4,60,0,0,0.5,0.7,1
1775225580068,guest-1b8b33fa-6fb2-4de0-bfa1-050ea413dbd4,60,0,0,0.5,0.7,1
1775225640035,guest-1b8b33fa-6fb2-4de0-bfa1-050ea413dbd4,60,0,0,0.5,0.7,1
1775225700062,guest-1b8b33fa-6fb2-4de0-bfa1-050ea413dbd4,60,0,0,0.5,0.7,1
1775225760057,guest-1b8b33fa-6fb2-4de0-bfa1-050ea413dbd4,60,0,0,0.5,0.7,1
1775225819996,guest-1b8b33fa-6fb2-4de0-bfa1-050ea413dbd4,60,0,0,0.5,0.7,1
1775225880043,guest-1b8b33fa-6fb2-4de0-bfa1-050ea413dbd4,60,0,0,0.5,0.7,1
1775225940012,guest-1b8b33fa-6fb2-4de0-bfa1-050ea413dbd4,60,0,0,0.5,0.7,1
1775226000023,guest-1b8b33fa-6fb2-4de0-bfa1-050ea413dbd4,60,0,0,0.5,0.7,1
1775226060089,guest-1b8b33fa-6fb2-4de0-bfa1-050ea413dbd4,60,0,0,0.5,0.7,1
1775226120030,guest-1b8b33fa-6fb2-4de0-bfa1-050ea413dbd4,60,0,0,0.5,0.7,1
1775226180063,guest-1b8b33fa-6fb2-4de0-bfa1-050ea413dbd4,60,0,0,0.5,0.7,1
1775226240002,guest-1b8b33fa-6fb2-4de0-bfa1-050ea413dbd4,60,0,0,0.5,0.7,1
1775226300025,guest-1b8b33fa-6fb2-4de0-bfa1-050ea413dbd4,60,0,0,0.5,0.7,1
1775226359975,guest-1b8b33fa-6fb2-4de0-bfa1-050ea413dbd4,60,0,0,0.5,0.7,1
1775226420041,guest-1b8b33fa-6fb2-4de0-bfa1-050ea413dbd4,60,0,0,0.5,0.7,1
1775226481513,guest-1b8b33fa-6fb2-4de0-bfa1-050ea413dbd4,60,0,0,0.5,0.7,1
1775226540029,guest-1b8b33fa-6fb2-4de0-bfa1-050ea413dbd4,60,0,0,0.5,0.7,1
1775226600070,guest-1b8b33fa-6fb2-4de0-bfa1-050ea413dbd4,60,0,0,0.5,0.7,1
1775226660045,guest-1b8b33fa-6fb2-4de0-bfa1-050ea413dbd4,60,0,0,0.5,0.7,1
1775226720029,guest-1b8b33fa-6fb2-4de0-bfa1-050ea413dbd4,60,0,0,0.5,0.7,1
1775226780047,guest-1b8b33fa-6fb2-4de0-bfa1-050ea413dbd4,60,0,0,0.5,0.7,1
1775226840010,guest-1b8b33fa-6fb2-4de0-bfa1-050ea413dbd4,60,0,0,0.5,0.7,1
1775226900047,guest-1b8b33fa-6fb2-4de0-bfa1-050ea413dbd4,60,0,0,0.5,0.7,1
1775226960091,guest-1b8b33fa-6fb2-4de0-bfa1-050ea413dbd4,60,0,0,0.5,0.7,1
1775227020045,guest-1b8b33fa-6fb2-4de0-bfa1-050ea413dbd4,60,0,0,0.5,0.7,1
1775227080033,guest-1b8b33fa-6fb2-4de0-bfa1-050ea413dbd4,60,0,0,0.5,0.7,1
1775227139993,guest-1b8b33fa-6fb2-4de0-bfa1-050ea413dbd4,60,0,0,0.5,0.7,1
1775227200033,guest-1b8b33fa-6fb2-4de0-bfa1-050ea413dbd4,60,0,0,0.5,0.7,1
1775227260017,guest-1b8b33fa-6fb2-4de0-bfa1-050ea413dbd4,60,0,0,0.5,0.7,1
1775227320039,guest-1b8b33fa-6fb2-4de0-bfa1-050ea413dbd4,60,0,0,0.5,0.7,1
1775227380049,guest-1b8b33fa-6fb2-4de0-bfa1-050ea413dbd4,60,0,0,0.5,0.7,1
1775227440015,guest-1b8b33fa-6fb2-4de0-bfa1-050ea413dbd4,60,0,0,0.5,0.7,1
1775227500043,guest-1b8b33fa-6fb2-4de0-bfa1-050ea413dbd4,60,0,0,0.5,0.7,1
1775227560053,guest-1b8b33fa-6fb2-4de0-bfa1-050ea413dbd4,60,0,0,0.5,0.7,1
1775227591411,guest-1b8b33fa-6fb2-4de0-bfa1-050ea413dbd4,60,0,0,0.5,0.7,1
1775227599000,guest-1b8b33fa-6fb2-4de0-bfa1-050ea413dbd4,60,0,0,0.5,0.7,1
1775227608998,guest-1b8b33fa-6fb2-4de0-bfa1-050ea413dbd4,60,0,0,0.5,0.7,1
1775227614004,guest-1b8b33fa-6fb2-4de0-bfa1-050ea413dbd4,60,0,0,0.5,0.7,1
1775227624002,guest-1b8b33fa-6fb2-4de0-bfa1-050ea413dbd4,60,0,0,0.5,0.7,1
1775227628990,guest-1b8b33fa-6fb2-4de0-bfa1-050ea413dbd4,60,0,0,0.5,0.7,1
1775227639026,guest-1b8b33fa-6fb2-4de0-bfa1-050ea413dbd4,60,0,0,0.5,0.7,1
1775227648997,guest-1b8b33fa-6fb2-4de0-bfa1-050ea413dbd4,60,0,0,0.5,0.7,1
1775227653979,guest-1b8b33fa-6fb2-4de0-bfa1-050ea413dbd4,60,0,0,0.5,0.7,1
1775227663984,guest-1b8b33fa-6fb2-4de0-bfa1-050ea413dbd4,60,0,0,0.5,0.7,1
1775227668975,guest-1b8b33fa-6fb2-4de0-bfa1-050ea413dbd4,60,0,0,0.5,0.7,1
1775227673994,guest-1b8b33fa-6fb2-4de0-bfa1-050ea413dbd4,60,0,0,0.5,0.7,1
1775227678999,guest-1b8b33fa-6fb2-4de0-bfa1-050ea413dbd4,60,0,0,0.5,0.7,1
1775227689009,guest-1b8b33fa-6fb2-4de0-bfa1-050ea413dbd4,60,0,0,0.5,0.7,1
1775227694056,guest-1b8b33fa-6fb2-4de0-bfa1-050ea413dbd4,60,0,0,0.5,0.7,1
1775227699003,guest-1b8b33fa-6fb2-4de0-bfa1-050ea413dbd4,60,0,0,0.5,0.7,1
1775227709053,guest-1b8b33fa-6fb2-4de0-bfa1-050ea413dbd4,60,0,0,0.5,0.7,1
1775227714065,guest-1b8b33fa-6fb2-4de0-bfa1-050ea413dbd4,60,0,0,0.5,0.7,1
1775227723992,guest-1b8b33fa-6fb2-4de0-bfa1-050ea413dbd4,60,0,0,0.5,0.7,1
1775227729010,guest-1b8b33fa-6fb2-4de0-bfa1-050ea413dbd4,60,0,0,0.5,0.7,1
1775227739062,guest-1b8b33fa-6fb2-4de0-bfa1-050ea413dbd4,60,0,0,0.5,0.7,1
1775227744021,guest-1b8b33fa-6fb2-4de0-bfa1-050ea413dbd4,60,0,0,0.5,0.7,1
1775227749020,guest-1b8b33fa-6fb2-4de0-bfa1-050ea413dbd4,60,0,0,0.5,0.7,1
1775227754049,guest-1b8b33fa-6fb2-4de0-bfa1-050ea413dbd4,60,0,0,0.5,0.7,1
1775227759018,guest-1b8b33fa-6fb2-4de0-bfa1-050ea413dbd4,60,0,0,0.5,0.7,1
1775227769007,guest-1b8b33fa-6fb2-4de0-bfa1-050ea413dbd4,60,0,0,0.5,0.7,1
1775227774004,guest-1b8b33fa-6fb2-4de0-bfa1-050ea413dbd4,60,0,0,0.5,0.7,1
1775227784064,guest-1b8b33fa-6fb2-4de0-bfa1-050ea413dbd4,60,0,0,0.5,0.7,1
1775227794038,guest-1b8b33fa-6fb2-4de0-bfa1-050ea413dbd4,60,0,0,0.5,0.7,1
1775227804001,guest-1b8b33fa-6fb2-4de0-bfa1-050ea413dbd4,60,0,0,0.5,0.7,1
1775227808993,guest-1b8b33fa-6fb2-4de0-bfa1-050ea413dbd4,60,0,0,0.5,0.7,1
1775227819114,guest-1b8b33fa-6fb2-4de0-bfa1-050ea413dbd4,60,0,0,0.5,0.7,1
1775227828975,guest-1b8b33fa-6fb2-4de0-bfa1-050ea413dbd4,60,0,0,0.5,0.7,1
1775227833971,guest-1b8b33fa-6fb2-4de0-bfa1-050ea413dbd4,60,0,0,0.5,0.7,1
1775227839007,guest-1b8b33fa-6fb2-4de0-bfa1-050ea413dbd4,60,0,0,0.5,0.7,1
1775227843994,guest-1b8b33fa-6fb2-4de0-bfa1-050ea413dbd4,60,0,0,0.5,0.7,1
1775227853969,guest-1b8b33fa-6fb2-4de0-bfa1-050ea413dbd4,60,0,0,0.5,0.7,1
1775227858941,guest-1b8b33fa-6fb2-4de0-bfa1-050ea413dbd4,60,0,0,0.5,0.7,1
1775227863999,guest-1b8b33fa-6fb2-4de0-bfa1-050ea413dbd4,60,0,0,0.5,0.7,1
1775227869033,guest-1b8b33fa-6fb2-4de0-bfa1-050ea413dbd4,60,0,0,0.5,0.7,1
1775227879008,guest-1b8b33fa-6fb2-4de0-bfa1-050ea413dbd4,60,0,0,0.5,0.7,1
1775227883996,guest-1b8b33fa-6fb2-4de0-bfa1-050ea413dbd4,60,0,0,0.5,0.7,1
1775227889031,guest-1b8b33fa-6fb2-4de0-bfa1-050ea413dbd4,60,0,0,0.5,0.7,1
1775227919926,guest-1b8b33fa-6fb2-4de0-bfa1-050ea413dbd4,60,0,0,0.5,0.7,1
1775227979955,guest-1b8b33fa-6fb2-4de0-bfa1-050ea413dbd4,60,0,0,0.5,0.7,1
1775228039981,guest-1b8b33fa-6fb2-4de0-bfa1-050ea413dbd4,60,0,0,0.5,0.7,1
1775228099973,guest-1b8b33fa-6fb2-4de0-bfa1-050ea413dbd4,60,0,0,0.5,0.7,1
1775228160133,guest-1b8b33fa-6fb2-4de0-bfa1-050ea413dbd4,60,0,0,0.5,0.7,1
1775228219973,guest-1b8b33fa-6fb2-4de0-bfa1-050ea413dbd4,60,0,0,0.5,0.7,1
1775228280034,guest-1b8b33fa-6fb2-4de0-bfa1-050ea413dbd4,60,0,0,0.5,0.7,1
1775228339983,guest-1b8b33fa-6fb2-4de0-bfa1-050ea413dbd4,60,0,0,0.5,0.7,1
1775228399985,guest-1b8b33fa-6fb2-4de0-bfa1-050ea413dbd4,60,0,0,0.5,0.7,1
1775228459964,guest-1b8b33fa-6fb2-4de0-bfa1-050ea413dbd4,60,0,0,0.5,0.7,1
1775228819999,guest-1b8b33fa-6fb2-4de0-bfa1-050ea413dbd4,60,0,0,0.5,0.7,1
1775228879971,guest-1b8b33fa-6fb2-4de0-bfa1-050ea413dbd4,60,0,0,0.5,0.7,1
1775228940001,guest-1b8b33fa-6fb2-4de0-bfa1-050ea413dbd4,60,0,0,0.5,0.7,1
1775228999992,guest-1b8b33fa-6fb2-4de0-bfa1-050ea413dbd4,60,0,0,0.5,0.7,1
1775229059973,guest-1b8b33fa-6fb2-4de0-bfa1-050ea413dbd4,60,0,0,0.5,0.7,1
1775229119988,guest-1b8b33fa-6fb2-4de0-bfa1-050ea413dbd4,60,0,0,0.5,0.7,1
1775229179983,guest-1b8b33fa-6fb2-4de0-bfa1-050ea413dbd4,60,0,0,0.5,0.7,1
1775229239997,guest-1b8b33fa-6fb2-4de0-bfa1-050ea413dbd4,60,0,0,0.5,0.7,1
1775229299996,guest-1b8b33fa-6fb2-4de0-bfa1-050ea413dbd4,60,0,0,0.5,0.7,1
1775229359963,guest-1b8b33fa-6fb2-4de0-bfa1-050ea413dbd4,60,0,0,0.5,0.7,1
1775229419969,guest-1b8b33fa-6fb2-4de0-bfa1-050ea413dbd4,60,0,0,0.5,0.7,1
1775229480058,guest-1b8b33fa-6fb2-4de0-bfa1-050ea413dbd4,60,0,0,0.5,0.7,1
1775229539961,guest-1b8b33fa-6fb2-4de0-bfa1-050ea413dbd4,60,0,0,0.5,0.7,1
1775229599981,guest-1b8b33fa-6fb2-4de0-bfa1-050ea413dbd4,60,0,0,0.5,0.7,1
1775229659970,guest-1b8b33fa-6fb2-4de0-bfa1-050ea413dbd4,60,0,0,0.5,0.7,1
1775229719987,guest-1b8b33fa-6fb2-4de0-bfa1-050ea413dbd4,60,0,0,0.5,0.7,1
1775229779984,guest-1b8b33fa-6fb2-4de0-bfa1-050ea413dbd4,60,0,0,0.5,0.7,1
1775229839971,guest-1b8b33fa-6fb2-4de0-bfa1-050ea413dbd4,60,0,0,0.5,0.7,1
1775229900006,guest-1b8b33fa-6fb2-4de0-bfa1-050ea413dbd4,60,0,0,0.5,0.7,1
1775229960031,guest-1b8b33fa-6fb2-4de0-bfa1-050ea413dbd4,60,0,0,0.5,0.7,1
1775230020046,guest-1b8b33fa-6fb2-4de0-bfa1-050ea413dbd4,60,0,0,0.5,0.7,1
1775230079084,guest-1b8b33fa-6fb2-4de0-bfa1-050ea413dbd4,60,0,0,0.5,0.7,1
1775230089035,guest-1b8b33fa-6fb2-4de0-bfa1-050ea413dbd4,60,0,0,0.5,0.7,1
1775230099067,guest-1b8b33fa-6fb2-4de0-bfa1-050ea413dbd4,60,0,0,0.5,0.7,1
1775230109005,guest-1b8b33fa-6fb2-4de0-bfa1-050ea413dbd4,60,0,0,0.5,0.7,1
1775230114041,guest-1b8b33fa-6fb2-4de0-bfa1-050ea413dbd4,60,0,0,0.5,0.7,1
1775230124018,guest-1b8b33fa-6fb2-4de0-bfa1-050ea413dbd4,60,0,0,0.5,0.7,1
1775230134062,guest-1b8b33fa-6fb2-4de0-bfa1-050ea413dbd4,60,0,0,0.5,0.7,1
1775230138993,guest-1b8b33fa-6fb2-4de0-bfa1-050ea413dbd4,60,0,0,0.5,0.7,1
1775230148952,guest-1b8b33fa-6fb2-4de0-bfa1-050ea413dbd4,60,0,0,0.5,0.7,1
1775230154003,guest-1b8b33fa-6fb2-4de0-bfa1-050ea413dbd4,60,0,0,0.5,0.7,1
1775230164008,guest-1b8b33fa-6fb2-4de0-bfa1-050ea413dbd4,60,0,0,0.5,0.7,1
1775230173993,guest-1b8b33fa-6fb2-4de0-bfa1-050ea413dbd4,60,0,0,0.5,0.7,1
1775230184016,guest-1b8b33fa-6fb2-4de0-bfa1-050ea413dbd4,60,0,0,0.5,0.7,1
1775230194007,guest-1b8b33fa-6fb2-4de0-bfa1-050ea413dbd4,60,0,0,0.5,0.7,1
1775230199008,guest-1b8b33fa-6fb2-4de0-bfa1-050ea413dbd4,60,0,0,0.5,0.7,1
1775230209019,guest-1b8b33fa-6fb2-4de0-bfa1-050ea413dbd4,60,0,0,0.5,0.7,1
1775230213987,guest-1b8b33fa-6fb2-4de0-bfa1-050ea413dbd4,60,0,0,0.5,0.7,1
1775230224008,guest-1b8b33fa-6fb2-4de0-bfa1-050ea413dbd4,60,0,0,0.5,0.7,1
1775230228985,guest-1b8b33fa-6fb2-4de0-bfa1-050ea413dbd4,60,0,0,0.5,0.7,1
1775230238987,guest-1b8b33fa-6fb2-4de0-bfa1-050ea413dbd4,60,0,0,0.5,0.7,1
1775230248991,guest-1b8b33fa-6fb2-4de0-bfa1-050ea413dbd4,60,0,0,0.5,0.7,1
1775230258968,guest-1b8b33fa-6fb2-4de0-bfa1-050ea413dbd4,60,0,0,0.5,0.7,1
1775230263981,guest-1b8b33fa-6fb2-4de0-bfa1-050ea413dbd4,60,0,0,0.5,0.7,1
1775230268990,guest-1b8b33fa-6fb2-4de0-bfa1-050ea413dbd4,60,0,0,0.5,0.7,1
1775230278976,guest-1b8b33fa-6fb2-4de0-bfa1-050ea413dbd4,60,0,0,0.5,0.7,1
1775230288981,guest-1b8b33fa-6fb2-4de0-bfa1-050ea413dbd4,60,0,0,0.5,0.7,1
1775230298979,guest-1b8b33fa-6fb2-4de0-bfa1-050ea413dbd4,60,0,0,0.5,0.7,1
1775230303980,guest-1b8b33fa-6fb2-4de0-bfa1-050ea413dbd4,60,0,0,0.5,0.7,1
1775230308981,guest-1b8b33fa-6fb2-4de0-bfa1-050ea413dbd4,60,0,0,0.5,0.7,1
1775230318974,guest-1b8b33fa-6fb2-4de0-bfa1-050ea413dbd4,60,0,0,0.5,0.7,1
1775230323972,guest-1b8b33fa-6fb2-4de0-bfa1-050ea413dbd4,60,0,0,0.5,0.7,1
1775230328981,guest-1b8b33fa-6fb2-4de0-bfa1-050ea413dbd4,60,0,0,0.5,0.7,1
1775230338989,guest-1b8b33fa-6fb2-4de0-bfa1-050ea413dbd4,60,0,0,0.5,0.7,1
1775230348971,guest-1b8b33fa-6fb2-4de0-bfa1-050ea413dbd4,60,0,0,0.5,0.7,1
1775230358972,guest-1b8b33fa-6fb2-4de0-bfa1-050ea413dbd4,60,0,0,0.5,0.7,1
1775230363979,guest-1b8b33fa-6fb2-4de0-bfa1-050ea413dbd4,60,0,0,0.5,0.7,1
1775230374010,guest-1b8b33fa-6fb2-4de0-bfa1-050ea413dbd4,60,0,0,0.5,0.7,1
1775230383971,guest-1b8b33fa-6fb2-4de0-bfa1-050ea413dbd4,60,0,0,0.5,0.7,1
1775230388961,guest-1b8b33fa-6fb2-4de0-bfa1-050ea413dbd4,60,0,0,0.5,0.7,1
1775230393973,guest-1b8b33fa-6fb2-4de0-bfa1-050ea413dbd4,60,0,0,0.5,0.7,1
1775230398982,guest-1b8b33fa-6fb2-4de0-bfa1-050ea413dbd4,60,0,0,0.5,0.7,1
1775230408976,guest-1b8b33fa-6fb2-4de0-bfa1-050ea413dbd4,60,0,0,0.5,0.7,1
1775230439962,guest-1b8b33fa-6fb2-4de0-bfa1-050ea413dbd4,60,0,0,0.5,0.7,1
1775230499955,guest-1b8b33fa-6fb2-4de0-bfa1-050ea413dbd4,60,0,0,0.5,0.7,1
1775230559993,guest-1b8b33fa-6fb2-4de0-bfa1-050ea413dbd4,60,0,0,0.5,0.7,1
1775230572973,guest-1b8b33fa-6fb2-4de0-bfa1-050ea413dbd4,5.842,0,0,0.5,0.3,1
1775230577943,guest-1b8b33fa-6fb2-4de0-bfa1-050ea413dbd4,10.848,0,0,0.5,0.7,0
1775230582986,guest-1b8b33fa-6fb2-4de0-bfa1-050ea413dbd4,15.849,0,0,0.5,0.7,0
1775230588045,guest-1b8b33fa-6fb2-4de0-bfa1-050ea413dbd4,20.849,0,0,0.5,0.7,0
1775230597987,guest-1b8b33fa-6fb2-4de0-bfa1-050ea413dbd4,30.854,0,0,0.5,0.7,0
1775230607943,guest-1b8b33fa-6fb2-4de0-bfa1-050ea413dbd4,40.855,0,0,0.5,0.7,1
1775230617953,guest-1b8b33fa-6fb2-4de0-bfa1-050ea413dbd4,50.857,0,0,0.5,0.7,1
1775230636984,guest-1b8b33fa-6fb2-4de0-bfa1-050ea413dbd4,5.13,0,0,0.5,0.3,1
1775230641979,guest-1b8b33fa-6fb2-4de0-bfa1-050ea413dbd4,10.143,0,0,0.5,0.7,0
1775230646979,guest-1b8b33fa-6fb2-4de0-bfa1-050ea413dbd4,15.143,0,0,0.5,0.7,0
1775230656985,guest-1b8b33fa-6fb2-4de0-bfa1-050ea413dbd4,25.136,0,0,0.5,0.7,0
1775230661964,guest-1b8b33fa-6fb2-4de0-bfa1-050ea413dbd4,30.141,0,0,0.5,0.7,0
1775230671973,guest-1b8b33fa-6fb2-4de0-bfa1-050ea413dbd4,40.14,0,0,0.5,0.7,1
1775230676974,guest-1b8b33fa-6fb2-4de0-bfa1-050ea413dbd4,45.144,0,0,0.5,0.7,1
1775230686956,guest-1b8b33fa-6fb2-4de0-bfa1-050ea413dbd4,55.131,0,0,0.5,0.7,1
1775230704982,guest-1b8b33fa-6fb2-4de0-bfa1-050ea413dbd4,5.278,0,0,0.5,0.3,1
1775230714955,guest-1b8b33fa-6fb2-4de0-bfa1-050ea413dbd4,15.267,0,0,0.5,0.7,0
1775230719974,guest-1b8b33fa-6fb2-4de0-bfa1-050ea413dbd4,20.279,0,0,0.5,0.7,0
1775230729980,guest-1b8b33fa-6fb2-4de0-bfa1-050ea413dbd4,30.275,0,0,0.5,0.7,0
1775230734997,guest-1b8b33fa-6fb2-4de0-bfa1-050ea413dbd4,35.281,0,0,0.5,0.7,1
1775230744970,guest-1b8b33fa-6fb2-4de0-bfa1-050ea413dbd4,45.267,0,0,0.5,0.7,1
1775230749983,guest-1b8b33fa-6fb2-4de0-bfa1-050ea413dbd4,50.27,0,0,0.5,0.7,1
1775233238887,guest-1b8b33fa-6fb2-4de0-bfa1-050ea413dbd4,60,0,0,0.5,0.7,1
1775233668028,guest-1b8b33fa-6fb2-4de0-bfa1-050ea413dbd4,5.278,0,0,0.5,0.3,0
1775233678006,guest-1b8b33fa-6fb2-4de0-bfa1-050ea413dbd4,15.278,0,0,0.5,0.7,0
1775233688022,guest-1b8b33fa-6fb2-4de0-bfa1-050ea413dbd4,25.273,0,0,0.5,0.7,0
1775233692978,guest-1b8b33fa-6fb2-4de0-bfa1-050ea413dbd4,30.274,0,0,0.5,0.7,0
1775233698003,guest-1b8b33fa-6fb2-4de0-bfa1-050ea413dbd4,35.274,0,0,0.5,0.7,1
1775233702990,guest-1b8b33fa-6fb2-4de0-bfa1-050ea413dbd4,40.278,0,0,0.5,0.7,1
1775233712994,guest-1b8b33fa-6fb2-4de0-bfa1-050ea413dbd4,50.263,0,0,0.5,0.7,1
1775233717974,guest-1b8b33fa-6fb2-4de0-bfa1-050ea413dbd4,55.265,0,0,0.5,0.7,1
1775233740032,guest-1b8b33fa-6fb2-4de0-bfa1-050ea413dbd4,60,0,0,0.5,0.7,1
1775233800011,guest-1b8b33fa-6fb2-4de0-bfa1-050ea413dbd4,60,0,0,0.5,0.7,1
1775233860061,guest-1b8b33fa-6fb2-4de0-bfa1-050ea413dbd4,60,0,0,0.5,0.7,1
1775233920049,guest-1b8b33fa-6fb2-4de0-bfa1-050ea413dbd4,60,0,0,0.5,0.7,1
1775233980038,guest-1b8b33fa-6fb2-4de0-bfa1-050ea413dbd4,60,0,0,0.5,0.7,1
1775234040012,guest-1b8b33fa-6fb2-4de0-bfa1-050ea413dbd4,60,0,0,0.5,0.7,1
1775234105029,guest-1b8b33fa-6fb2-4de0-bfa1-050ea413dbd4,5.852,0,0,0.5,0.3,1
1775234115006,guest-1b8b33fa-6fb2-4de0-bfa1-050ea413dbd4,5.982,0,0,0.5,0.3,0
1775234125061,guest-1b8b33fa-6fb2-4de0-bfa1-050ea413dbd4,15.979,0,0,0.5,0.7,0
1775234130074,guest-1b8b33fa-6fb2-4de0-bfa1-050ea413dbd4,20.988,0,0,0.5,0.7,0
1775234135053,guest-1b8b33fa-6fb2-4de0-bfa1-050ea413dbd4,25.99,0,0,0.5,0.7,0
1775234160025,guest-1b8b33fa-6fb2-4de0-bfa1-050ea413dbd4,50.987,0,0,0.5,0.7,1
1775234220042,guest-1b8b33fa-6fb2-4de0-bfa1-050ea413dbd4,60,0,0,0.5,0.7,1
1775234280049,guest-1b8b33fa-6fb2-4de0-bfa1-050ea413dbd4,60,0,0,0.5,0.7,1
1775234340038,guest-1b8b33fa-6fb2-4de0-bfa1-050ea413dbd4,60,0,0,0.5,0.7,1
1775234400015,guest-1b8b33fa-6fb2-4de0-bfa1-050ea413dbd4,60,0,0,0.5,0.7,1
1775234460055,guest-1b8b33fa-6fb2-4de0-bfa1-050ea413dbd4,60,0,0,0.5,0.7,1
1775234520054,guest-1b8b33fa-6fb2-4de0-bfa1-050ea413dbd4,60,0,0,0.5,0.7,1
1775234544585,guest-1b8b33fa-6fb2-4de0-bfa1-050ea413dbd4,60,0,0,0.5,0.7,1
1775234550016,guest-1b8b33fa-6fb2-4de0-bfa1-050ea413dbd4,60,0,0,0.5,0.7,1
1775234560032,guest-1b8b33fa-6fb2-4de0-bfa1-050ea413dbd4,60,0,0,0.5,0.7,1
1775234569994,guest-1b8b33fa-6fb2-4de0-bfa1-050ea413dbd4,60,0,0,0.5,0.7,1
1775234575009,guest-1b8b33fa-6fb2-4de0-bfa1-050ea413dbd4,60,0,0,0.5,0.7,1
1775234584992,guest-1b8b33fa-6fb2-4de0-bfa1-050ea413dbd4,60,0,0,0.5,0.7,1
1775234590011,guest-1b8b33fa-6fb2-4de0-bfa1-050ea413dbd4,60,0,0,0.5,0.7,1
1775234600002,guest-1b8b33fa-6fb2-4de0-bfa1-050ea413dbd4,60,0,0,0.5,0.7,1
1775234610010,guest-1b8b33fa-6fb2-4de0-bfa1-050ea413dbd4,60,0,0,0.5,0.7,1
1775234614991,guest-1b8b33fa-6fb2-4de0-bfa1-050ea413dbd4,60,0,0,0.5,0.7,1
1775234625001,guest-1b8b33fa-6fb2-4de0-bfa1-050ea413dbd4,60,0,0,0.5,0.7,1
1775234634985,guest-1b8b33fa-6fb2-4de0-bfa1-050ea413dbd4,60,0,0,0.5,0.7,1
1775234640042,guest-1b8b33fa-6fb2-4de0-bfa1-050ea413dbd4,60,0,0,0.5,0.7,1
1775234650021,guest-1b8b33fa-6fb2-4de0-bfa1-050ea413dbd4,60,0,0,0.5,0.7,1
1775234654997,guest-1b8b33fa-6fb2-4de0-bfa1-050ea413dbd4,60,0,0,0.5,0.7,1
1775234664978,guest-1b8b33fa-6fb2-4de0-bfa1-050ea413dbd4,60,0,0,0.5,0.7,1
1775234669986,guest-1b8b33fa-6fb2-4de0-bfa1-050ea413dbd4,60,0,0,0.5,0.7,1
1775234679999,guest-1b8b33fa-6fb2-4de0-bfa1-050ea413dbd4,60,0,0,0.5,0.7,1
1775234684960,guest-1b8b33fa-6fb2-4de0-bfa1-050ea413dbd4,60,0,0,0.5,0.7,1
1775234694997,guest-1b8b33fa-6fb2-4de0-bfa1-050ea413dbd4,60,0,0,0.5,0.7,1
1775234704970,guest-1b8b33fa-6fb2-4de0-bfa1-050ea413dbd4,60,0,0,0.5,0.7,1
1775234709977,guest-1b8b33fa-6fb2-4de0-bfa1-050ea413dbd4,60,0,0,0.5,0.7,1
1775234714995,guest-1b8b33fa-6fb2-4de0-bfa1-050ea413dbd4,60,0,0,0.5,0.7,1
1775234720000,guest-1b8b33fa-6fb2-4de0-bfa1-050ea413dbd4,60,0,0,0.5,0.7,1
1775234724995,guest-1b8b33fa-6fb2-4de0-bfa1-050ea413dbd4,60,0,0,0.5,0.7,1
1775234734977,guest-1b8b33fa-6fb2-4de0-bfa1-050ea413dbd4,60,0,0,0.5,0.7,1
1775234744993,guest-1b8b33fa-6fb2-4de0-bfa1-050ea413dbd4,60,0,0,0.5,0.7,1
1775234749985,guest-1b8b33fa-6fb2-4de0-bfa1-050ea413dbd4,60,0,0,0.5,0.7,1
1775234754971,guest-1b8b33fa-6fb2-4de0-bfa1-050ea413dbd4,60,0,0,0.5,0.7,1
1775234764992,guest-1b8b33fa-6fb2-4de0-bfa1-050ea413dbd4,60,0,0,0.5,0.7,1
1775234769993,guest-1b8b33fa-6fb2-4de0-bfa1-050ea413dbd4,60,0,0,0.5,0.7,1
1775234780015,guest-1b8b33fa-6fb2-4de0-bfa1-050ea413dbd4,60,0,0,0.5,0.7,1
1775234790009,guest-1b8b33fa-6fb2-4de0-bfa1-050ea413dbd4,60,0,0,0.5,0.7,1
1775234800015,guest-1b8b33fa-6fb2-4de0-bfa1-050ea413dbd4,60,0,0,0.5,0.7,1
1775234810004,guest-1b8b33fa-6fb2-4de0-bfa1-050ea413dbd4,60,0,0,0.5,0.7,1
1775234814974,guest-1b8b33fa-6fb2-4de0-bfa1-050ea413dbd4,60,0,0,0.5,0.7,1
1775234825046,guest-1b8b33fa-6fb2-4de0-bfa1-050ea413dbd4,60,0,0,0.5,0.7,1
1775234834972,guest-1b8b33fa-6fb2-4de0-bfa1-050ea413dbd4,60,0,0,0.5,0.7,1
1775234839996,guest-1b8b33fa-6fb2-4de0-bfa1-050ea413dbd4,60,0,0,0.5,0.7,1
1775234845021,guest-1b8b33fa-6fb2-4de0-bfa1-050ea413dbd4,60,0,0,0.5,0.7,1
1775234854995,guest-1b8b33fa-6fb2-4de0-bfa1-050ea413dbd4,60,0,0,0.5,0.7,1
1775234859985,guest-1b8b33fa-6fb2-4de0-bfa1-050ea413dbd4,60,0,0,0.5,0.7,1
1775234869985,guest-1b8b33fa-6fb2-4de0-bfa1-050ea413dbd4,60,0,0,0.5,0.7,1
1775234880005,guest-1b8b33fa-6fb2-4de0-bfa1-050ea413dbd4,60,0,0,0.5,0.7,1
1775234889980,guest-1b8b33fa-6fb2-4de0-bfa1-050ea413dbd4,60,0,0,0.5,0.7,1
1775234894974,guest-1b8b33fa-6fb2-4de0-bfa1-050ea413dbd4,60,0,0,0.5,0.7,1
1775234899982,guest-1b8b33fa-6fb2-4de0-bfa1-050ea413dbd4,60,0,0,0.5,0.7,1
1775234904982,guest-1b8b33fa-6fb2-4de0-bfa1-050ea413dbd4,60,0,0,0.5,0.7,1
1775234910000,guest-1b8b33fa-6fb2-4de0-bfa1-050ea413dbd4,60,0,0,0.5,0.7,1
1775234914973,guest-1b8b33fa-6fb2-4de0-bfa1-050ea413dbd4,60,0,0,0.5,0.7,1
1775234920011,guest-1b8b33fa-6fb2-4de0-bfa1-050ea413dbd4,60,0,0,0.5,0.7,1
1775234929985,guest-1b8b33fa-6fb2-4de0-bfa1-050ea413dbd4,60,0,0,0.5,0.7,1
1775234934979,guest-1b8b33fa-6fb2-4de0-bfa1-050ea413dbd4,60,0,0,0.5,0.7,1
1775234944978,guest-1b8b33fa-6fb2-4de0-bfa1-050ea413dbd4,60,0,0,0.5,0.7,1
1775234949971,guest-1b8b33fa-6fb2-4de0-bfa1-050ea413dbd4,60,0,0,0.5,0.7,1
1775234954981,guest-1b8b33fa-6fb2-4de0-bfa1-050ea413dbd4,60,0,0,0.5,0.7,1
1775234959984,guest-1b8b33fa-6fb2-4de0-bfa1-050ea413dbd4,60,0,0,0.5,0.7,1
1775234969991,guest-1b8b33fa-6fb2-4de0-bfa1-050ea413dbd4,60,0,0,0.5,0.7,1
1775234974974,guest-1b8b33fa-6fb2-4de0-bfa1-050ea413dbd4,60,0,0,0.5,0.7,1
1775234984986,guest-1b8b33fa-6fb2-4de0-bfa1-050ea413dbd4,60,0,0,0.5,0.7,1
1775234989972,guest-1b8b33fa-6fb2-4de0-bfa1-050ea413dbd4,60,0,0,0.5,0.7,1
1775234999997,guest-1b8b33fa-6fb2-4de0-bfa1-050ea413dbd4,60,0,0,0.5,0.7,1
1775235004974,guest-1b8b33fa-6fb2-4de0-bfa1-050ea413dbd4,60,0,0,0.5,0.7,1
1775235014978,guest-1b8b33fa-6fb2-4de0-bfa1-050ea413dbd4,60,0,0,0.5,0.7,1
1775235019998,guest-1b8b33fa-6fb2-4de0-bfa1-050ea413dbd4,60,0,0,0.5,0.7,1
1775235030013,guest-1b8b33fa-6fb2-4de0-bfa1-050ea413dbd4,60,0,0,0.5,0.7,1
1775235039986,guest-1b8b33fa-6fb2-4de0-bfa1-050ea413dbd4,60,0,0,0.5,0.7,1
1775235044995,guest-1b8b33fa-6fb2-4de0-bfa1-050ea413dbd4,60,0,0,0.5,0.7,1
1775235049989,guest-1b8b33fa-6fb2-4de0-bfa1-050ea413dbd4,60,0,0,0.5,0.7,1
1775235054968,guest-1b8b33fa-6fb2-4de0-bfa1-050ea413dbd4,60,0,0,0.5,0.7,1
1775235059999,guest-1b8b33fa-6fb2-4de0-bfa1-050ea413dbd4,60,0,0,0.5,0.7,1
1775235064986,guest-1b8b33fa-6fb2-4de0-bfa1-050ea413dbd4,60,0,0,0.5,0.7,1
1775235069964,guest-1b8b33fa-6fb2-4de0-bfa1-050ea413dbd4,60,0,0,0.5,0.7,1
1775235079979,guest-1b8b33fa-6fb2-4de0-bfa1-050ea413dbd4,60,0,0,0.5,0.7,1
1775235089971,guest-1b8b33fa-6fb2-4de0-bfa1-050ea413dbd4,60,0,0,0.5,0.7,1
1775235120027,guest-1b8b33fa-6fb2-4de0-bfa1-050ea413dbd4,60,0,0,0.5,0.7,1
1775235179995,guest-1b8b33fa-6fb2-4de0-bfa1-050ea413dbd4,60,0,0,0.5,0.7,1
1775235239999,guest-1b8b33fa-6fb2-4de0-bfa1-050ea413dbd4,60,0,0,0.5,0.7,1
1775235300022,guest-1b8b33fa-6fb2-4de0-bfa1-050ea413dbd4,60,0,0,0.5,0.7,1
1775235360024,guest-1b8b33fa-6fb2-4de0-bfa1-050ea413dbd4,60,0,0,0.5,0.7,1
1775235420006,guest-1b8b33fa-6fb2-4de0-bfa1-050ea413dbd4,60,0,0,0.5,0.7,1
1775235480047,guest-1b8b33fa-6fb2-4de0-bfa1-050ea413dbd4,60,0,0,0.5,0.7,1
1775235540004,guest-1b8b33fa-6fb2-4de0-bfa1-050ea413dbd4,60,0,0,0.5,0.7,1
1775235600025,guest-1b8b33fa-6fb2-4de0-bfa1-050ea413dbd4,60,0,0,0.5,0.7,1
1775235660022,guest-1b8b33fa-6fb2-4de0-bfa1-050ea413dbd4,60,0,0,0.5,0.7,1
1775235720043,guest-1b8b33fa-6fb2-4de0-bfa1-050ea413dbd4,60,0,0,0.5,0.7,1
1775235780027,guest-1b8b33fa-6fb2-4de0-bfa1-050ea413dbd4,60,0,0,0.5,0.7,1
1775235840012,guest-1b8b33fa-6fb2-4de0-bfa1-050ea413dbd4,60,0,0,0.5,0.7,1
1775235900084,guest-1b8b33fa-6fb2-4de0-bfa1-050ea413dbd4,60,0,0,0.5,0.7,1
1775235960010,guest-1b8b33fa-6fb2-4de0-bfa1-050ea413dbd4,60,0,0,0.5,0.7,1
1775236020058,guest-1b8b33fa-6fb2-4de0-bfa1-050ea413dbd4,60,0,0,0.5,0.7,1
1775236080062,guest-1b8b33fa-6fb2-4de0-bfa1-050ea413dbd4,60,0,0,0.5,0.7,1
1775236140095,guest-1b8b33fa-6fb2-4de0-bfa1-050ea413dbd4,60,0,0,0.5,0.7,1
1775236200053,guest-1b8b33fa-6fb2-4de0-bfa1-050ea413dbd4,60,0,0,0.5,0.7,1
1775236260015,guest-1b8b33fa-6fb2-4de0-bfa1-050ea413dbd4,60,0,0,0.5,0.7,1
1775236320003,guest-1b8b33fa-6fb2-4de0-bfa1-050ea413dbd4,60,0,0,0.5,0.7,1
1775236379989,guest-1b8b33fa-6fb2-4de0-bfa1-050ea413dbd4,60,0,0,0.5,0.7,1
1775236439992,guest-1b8b33fa-6fb2-4de0-bfa1-050ea413dbd4,60,0,0,0.5,0.7,1
1775236500036,guest-1b8b33fa-6fb2-4de0-bfa1-050ea413dbd4,60,0,0,0.5,0.7,1
1775236559986,guest-1b8b33fa-6fb2-4de0-bfa1-050ea413dbd4,60,0,0,0.5,0.7,1
1775236620025,guest-1b8b33fa-6fb2-4de0-bfa1-050ea413dbd4,60,0,0,0.5,0.7,1
1775236679949,guest-1b8b33fa-6fb2-4de0-bfa1-050ea413dbd4,60,0,0,0.5,0.7,1
1775236739986,guest-1b8b33fa-6fb2-4de0-bfa1-050ea413dbd4,60,0,0,0.5,0.7,1
1775236799972,guest-1b8b33fa-6fb2-4de0-bfa1-050ea413dbd4,60,0,0,0.5,0.7,1
1775236817951,guest-1b8b33fa-6fb2-4de0-bfa1-050ea413dbd4,5.931,0,0,0.5,0.3,1
1775236822973,guest-1b8b33fa-6fb2-4de0-bfa1-050ea413dbd4,10.932,0,0,0.5,0.7,0
1775236832964,guest-1b8b33fa-6fb2-4de0-bfa1-050ea413dbd4,20.925,0,0,0.5,0.7,0
1775236842939,guest-1b8b33fa-6fb2-4de0-bfa1-050ea413dbd4,30.922,0,0,0.5,0.7,0
1775236852979,guest-1b8b33fa-6fb2-4de0-bfa1-050ea413dbd4,40.928,0,0,0.5,0.7,1
1775236925978,guest-1b8b33fa-6fb2-4de0-bfa1-050ea413dbd4,5.921,0,0,0.5,0.3,0
1775236935963,guest-1b8b33fa-6fb2-4de0-bfa1-050ea413dbd4,15.912,0,0,0.5,0.7,0
1775236940981,guest-1b8b33fa-6fb2-4de0-bfa1-050ea413dbd4,20.912,0,0,0.5,0.7,0
1775236945949,guest-1b8b33fa-6fb2-4de0-bfa1-050ea413dbd4,25.923,0,0,0.5,0.7,0
1775236954056,guest-1b8b33fa-6fb2-4de0-bfa1-050ea413dbd4,0.018,0,0,0.5,0.3,0
1775236962940,guest-1b8b33fa-6fb2-4de0-bfa1-050ea413dbd4,5.486,0,0,0.5,0.3,0
